alpha,seed,loss_time,first_loss_branch,stable
0.0,534895719,26,1,0
0.0,199900596,0,0,1
0.0,862061405,0,0,1
0.0,787846415,0,0,1
0.0,996406379,0,0,1
0.0,127521864,0,0,1
0.0,423734973,27,2,0
0.0,415968277,0,0,1
0.0,670094951,0,0,1
0.0,841095290,16,1,0
0.0,669991379,13,1,0
0.0,429389015,0,0,1
0.0,249467211,27,2,0
0.0,898717131,29,2,0
0.0,498972760,0,0,1
0.0,359525749,0,0,1
0.0,434285668,0,0,1
0.0,613608296,0,0,1
0.0,893664920,0,0,1
0.0,648061059,0,0,1
0.0,88409750,0,0,1
0.0,242285877,0,0,1
0.0,944505602,19,1,0
0.0,953477464,17,1,0
0.0,354088428,21,1,0
0.0,809827742,0,0,1
0.0,911989542,0,0,1
0.0,3344770,0,0,1
0.0,780932288,11,1,0
0.0,787716373,27,2,0
0.0,504579233,0,0,1
0.0,232968652,29,2,0
0.0,479546682,0,0,1
0.0,106328086,23,2,0
0.0,30349565,0,0,1
0.0,781447916,0,0,1
0.0,99052377,0,0,1
0.0,177077809,0,0,1
0.0,106406363,0,0,1
0.0,480404539,0,0,1
0.0,643647999,28,2,0
0.0,599121578,33,1,0
0.0,200427520,0,0,1
0.0,181009884,0,0,1
0.0,961022652,0,0,1
0.0,499770320,20,1,0
0.0,999745295,0,0,1
0.0,885063870,0,0,1
0.0,389151678,0,0,1
0.0,151079599,0,0,1
0.0,508464062,0,0,1
0.0,857592371,26,2,0
0.0,568919916,0,0,1
0.0,61136439,0,0,1
0.0,396917568,0,0,1
0.0,930989561,0,0,1
0.0,199502979,0,0,1
0.0,472190437,0,0,1
0.0,461901619,0,0,1
0.0,774414983,0,0,1
0.05,534895719,27,2,0
0.05,199900596,0,0,1
0.05,862061405,0,0,1
0.05,787846415,0,0,1
0.05,996406379,0,0,1
0.05,127521864,0,0,1
0.05,423734973,0,0,1
0.05,415968277,0,0,1
0.05,670094951,0,0,1
0.05,841095290,16,1,0
0.05,669991379,13,1,0
0.05,429389015,20,1,0
0.05,249467211,27,2,0
0.05,898717131,29,2,0
0.05,498972760,0,0,1
0.05,359525749,0,0,1
0.05,434285668,0,0,1
0.05,613608296,0,0,1
0.05,893664920,0,0,1
0.05,648061059,0,0,1
0.05,88409750,0,0,1
0.05,242285877,0,0,1
0.05,944505602,19,1,0
0.05,953477464,0,0,1
0.05,354088428,21,1,0
0.05,809827742,0,0,1
0.05,911989542,0,0,1
0.05,3344770,0,0,1
0.05,780932288,11,1,0
0.05,787716373,27,2,0
0.05,504579233,0,0,1
0.05,232968652,0,0,1
0.05,479546682,0,0,1
0.05,106328086,0,0,1
0.05,30349565,0,0,1
0.05,781447916,0,0,1
0.05,99052377,0,0,1
0.05,177077809,0,0,1
0.05,106406363,0,0,1
0.05,480404539,0,0,1
0.05,643647999,28,2,0
0.05,599121578,0,0,1
0.05,200427520,0,0,1
0.05,181009884,0,0,1
0.05,961022652,0,0,1
0.05,499770320,20,1,0
0.05,999745295,0,0,1
0.05,885063870,0,0,1
0.05,389151678,0,0,1
0.05,151079599,0,0,1
0.05,508464062,0,0,1
0.05,857592371,26,2,0
0.05,568919916,0,0,1
0.05,61136439,0,0,1
0.05,396917568,0,0,1
0.05,930989561,0,0,1
0.05,199502979,0,0,1
0.05,472190437,0,0,1
0.05,461901619,0,0,1
0.05,774414983,0,0,1
0.1,534895719,27,2,0
0.1,199900596,0,0,1
0.1,862061405,0,0,1
0.1,787846415,0,0,1
0.1,996406379,24,2,0
0.1,127521864,0,0,1
0.1,423734973,0,0,1
0.1,415968277,0,0,1
0.1,670094951,0,0,1
0.1,841095290,16,1,0
0.1,669991379,13,1,0
0.1,429389015,0,0,1
0.1,249467211,0,0,1
0.1,898717131,29,2,0
0.1,498972760,0,0,1
0.1,359525749,0,0,1
0.1,434285668,0,0,1
0.1,613608296,0,0,1
0.1,893664920,28,1,0
0.1,648061059,0,0,1
0.1,88409750,0,0,1
0.1,242285877,0,0,1
0.1,944505602,19,1,0
0.1,953477464,0,0,1
0.1,354088428,0,0,1
0.1,809827742,0,0,1
0.1,911989542,0,0,1
0.1,3344770,0,0,1
0.1,780932288,11,1,0
0.1,787716373,27,2,0
0.1,504579233,0,0,1
0.1,232968652,0,0,1
0.1,479546682,0,0,1
0.1,106328086,0,0,1
0.1,30349565,0,0,1
0.1,781447916,0,0,1
0.1,99052377,0,0,1
0.1,177077809,0,0,1
0.1,106406363,0,0,1
0.1,480404539,0,0,1
0.1,643647999,27,2,0
0.1,599121578,26,2,0
0.1,200427520,0,0,1
0.1,181009884,0,0,1
0.1,961022652,0,0,1
0.1,499770320,0,0,1
0.1,999745295,0,0,1
0.1,885063870,0,0,1
0.1,389151678,0,0,1
0.1,151079599,0,0,1
0.1,508464062,0,0,1
0.1,857592371,0,0,1
0.1,568919916,0,0,1
0.1,61136439,0,0,1
0.1,396917568,0,0,1
0.1,930989561,0,0,1
0.1,199502979,0,0,1
0.1,472190437,0,0,1
0.1,461901619,0,0,1
0.1,774414983,20,1,0
0.15,534895719,27,2,0
0.15,199900596,0,0,1
0.15,862061405,0,0,1
0.15,787846415,0,0,1
0.15,996406379,24,2,0
0.15,127521864,0,0,1
0.15,423734973,0,0,1
0.15,415968277,0,0,1
0.15,670094951,0,0,1
0.15,841095290,16,1,0
0.15,669991379,0,0,1
0.15,429389015,0,0,1
0.15,249467211,0,0,1
0.15,898717131,29,2,0
0.15,498972760,0,0,1
0.15,359525749,0,0,1
0.15,434285668,0,0,1
0.15,613608296,0,0,1
0.15,893664920,0,0,1
0.15,648061059,0,0,1
0.15,88409750,0,0,1
0.15,242285877,0,0,1
0.15,944505602,0,0,1
0.15,953477464,0,0,1
0.15,354088428,0,0,1
0.15,809827742,0,0,1
0.15,911989542,0,0,1
0.15,3344770,0,0,1
0.15,780932288,11,1,0
0.15,787716373,27,2,0
0.15,504579233,0,0,1
0.15,232968652,0,0,1
0.15,479546682,0,0,1
0.15,106328086,0,0,1
0.15,30349565,0,0,1
0.15,781447916,0,0,1
0.15,99052377,24,1,0
0.15,177077809,0,0,1
0.15,106406363,0,0,1
0.15,480404539,0,0,1
0.15,643647999,28,2,0
0.15,599121578,24,2,0
0.15,200427520,0,0,1
0.15,181009884,0,0,1
0.15,961022652,0,0,1
0.15,499770320,0,0,1
0.15,999745295,0,0,1
0.15,885063870,0,0,1
0.15,389151678,0,0,1
0.15,151079599,0,0,1
0.15,508464062,0,0,1
0.15,857592371,0,0,1
0.15,568919916,0,0,1
0.15,61136439,0,0,1
0.15,396917568,0,0,1
0.15,930989561,0,0,1
0.15,199502979,0,0,1
0.15,472190437,0,0,1
0.15,461901619,0,0,1
0.15,774414983,0,0,1
0.2,534895719,27,2,0
0.2,199900596,0,0,1
0.2,862061405,0,0,1
0.2,787846415,0,0,1
0.2,996406379,24,2,0
0.2,127521864,0,0,1
0.2,423734973,0,0,1
0.2,415968277,0,0,1
0.2,670094951,0,0,1
0.2,841095290,0,0,1
0.2,669991379,0,0,1
0.2,429389015,14,1,0
0.2,249467211,0,0,1
0.2,898717131,29,2,0
0.2,498972760,0,0,1
0.2,359525749,0,0,1
0.2,434285668,0,0,1
0.2,613608296,0,0,1
0.2,893664920,0,0,1
0.2,648061059,0,0,1
0.2,88409750,0,0,1
0.2,242285877,0,0,1
0.2,944505602,0,0,1
0.2,953477464,0,0,1
0.2,354088428,0,0,1
0.2,809827742,0,0,1
0.2,911989542,0,0,1
0.2,3344770,0,0,1
0.2,780932288,11,1,0
0.2,787716373,27,2,0
0.2,504579233,0,0,1
0.2,232968652,0,0,1
0.2,479546682,0,0,1
0.2,106328086,0,0,1
0.2,30349565,0,0,1
0.2,781447916,0,0,1
0.2,99052377,0,0,1
0.2,177077809,0,0,1
0.2,106406363,0,0,1
0.2,480404539,0,0,1
0.2,643647999,28,2,0
0.2,599121578,24,2,0
0.2,200427520,0,0,1
0.2,181009884,0,0,1
0.2,961022652,0,0,1
0.2,499770320,0,0,1
0.2,999745295,0,0,1
0.2,885063870,0,0,1
0.2,389151678,0,0,1
0.2,151079599,0,0,1
0.2,508464062,0,0,1
0.2,857592371,0,0,1
0.2,568919916,0,0,1
0.2,61136439,0,0,1
0.2,396917568,0,0,1
0.2,930989561,0,0,1
0.2,199502979,0,0,1
0.2,472190437,0,0,1
0.2,461901619,0,0,1
0.2,774414983,0,0,1
0.25,534895719,27,2,0
0.25,199900596,0,0,1
0.25,862061405,0,0,1
0.25,787846415,0,0,1
0.25,996406379,24,2,0
0.25,127521864,0,0,1
0.25,423734973,0,0,1
0.25,415968277,0,0,1
0.25,670094951,0,0,1
0.25,841095290,0,0,1
0.25,669991379,0,0,1
0.25,429389015,15,1,0
0.25,249467211,0,0,1
0.25,898717131,29,2,0
0.25,498972760,0,0,1
0.25,359525749,0,0,1
0.25,434285668,0,0,1
0.25,613608296,0,0,1
0.25,893664920,0,0,1
0.25,648061059,30,2,0
0.25,88409750,0,0,1
0.25,242285877,0,0,1
0.25,944505602,0,0,1
0.25,953477464,0,0,1
0.25,354088428,0,0,1
0.25,809827742,0,0,1
0.25,911989542,0,0,1
0.25,3344770,0,0,1
0.25,780932288,11,1,0
0.25,787716373,27,2,0
0.25,504579233,0,0,1
0.25,232968652,0,0,1
0.25,479546682,0,0,1
0.25,106328086,0,0,1
0.25,30349565,0,0,1
0.25,781447916,0,0,1
0.25,99052377,0,0,1
0.25,177077809,0,0,1
0.25,106406363,0,0,1
0.25,480404539,0,0,1
0.25,643647999,0,0,1
0.25,599121578,24,2,0
0.25,200427520,0,0,1
0.25,181009884,0,0,1
0.25,961022652,0,0,1
0.25,499770320,0,0,1
0.25,999745295,0,0,1
0.25,885063870,0,0,1
0.25,389151678,0,0,1
0.25,151079599,0,0,1
0.25,508464062,0,0,1
0.25,857592371,0,0,1
0.25,568919916,0,0,1
0.25,61136439,0,0,1
0.25,396917568,0,0,1
0.25,930989561,0,0,1
0.25,199502979,0,0,1
0.25,472190437,0,0,1
0.25,461901619,0,0,1
0.25,774414983,0,0,1
0.3,534895719,27,2,0
0.3,199900596,0,0,1
0.3,862061405,0,0,1
0.3,787846415,26,2,0
0.3,996406379,24,2,0
0.3,127521864,0,0,1
0.3,423734973,0,0,1
0.3,415968277,0,0,1
0.3,670094951,0,0,1
0.3,841095290,0,0,1
0.3,669991379,0,0,1
0.3,429389015,15,1,0
0.3,249467211,0,0,1
0.3,898717131,29,2,0
0.3,498972760,0,0,1
0.3,359525749,0,0,1
0.3,434285668,0,0,1
0.3,613608296,0,0,1
0.3,893664920,0,0,1
0.3,648061059,30,2,0
0.3,88409750,0,0,1
0.3,242285877,0,0,1
0.3,944505602,35,1,0
0.3,953477464,0,0,1
0.3,354088428,0,0,1
0.3,809827742,0,0,1
0.3,911989542,0,0,1
0.3,3344770,0,0,1
0.3,780932288,11,1,0
0.3,787716373,27,2,0
0.3,504579233,0,0,1
0.3,232968652,0,0,1
0.3,479546682,0,0,1
0.3,106328086,0,0,1
0.3,30349565,0,0,1
0.3,781447916,0,0,1
0.3,99052377,0,0,1
0.3,177077809,0,0,1
0.3,106406363,0,0,1
0.3,480404539,0,0,1
0.3,643647999,0,0,1
0.3,599121578,24,2,0
0.3,200427520,0,0,1
0.3,181009884,0,0,1
0.3,961022652,0,0,1
0.3,499770320,0,0,1
0.3,999745295,0,0,1
0.3,885063870,0,0,1
0.3,389151678,0,0,1
0.3,151079599,0,0,1
0.3,508464062,0,0,1
0.3,857592371,0,0,1
0.3,568919916,0,0,1
0.3,61136439,0,0,1
0.3,396917568,0,0,1
0.3,930989561,0,0,1
0.3,199502979,0,0,1
0.3,472190437,0,0,1
0.3,461901619,0,0,1
0.3,774414983,0,0,1
0.35,534895719,27,2,0
0.35,199900596,0,0,1
0.35,862061405,0,0,1
0.35,787846415,26,2,0
0.35,996406379,24,2,0
0.35,127521864,0,0,1
0.35,423734973,0,0,1
0.35,415968277,0,0,1
0.35,670094951,0,0,1
0.35,841095290,0,0,1
0.35,669991379,20,1,0
0.35,429389015,15,1,0
0.35,249467211,0,0,1
0.35,898717131,29,2,0
0.35,498972760,0,0,1
0.35,359525749,0,0,1
0.35,434285668,0,0,1
0.35,613608296,0,0,1
0.35,893664920,0,0,1
0.35,648061059,30,2,0
0.35,88409750,0,0,1
0.35,242285877,0,0,1
0.35,944505602,0,0,1
0.35,953477464,0,0,1
0.35,354088428,0,0,1
0.35,809827742,31,2,0
0.35,911989542,0,0,1
0.35,3344770,0,0,1
0.35,780932288,0,0,1
0.35,787716373,0,0,1
0.35,504579233,0,0,1
0.35,232968652,0,0,1
0.35,479546682,27,2,0
0.35,106328086,0,0,1
0.35,30349565,0,0,1
0.35,781447916,0,0,1
0.35,99052377,0,0,1
0.35,177077809,0,0,1
0.35,106406363,0,0,1
0.35,480404539,0,0,1
0.35,643647999,0,0,1
0.35,599121578,24,2,0
0.35,200427520,0,0,1
0.35,181009884,0,0,1
0.35,961022652,0,0,1
0.35,499770320,0,0,1
0.35,999745295,0,0,1
0.35,885063870,0,0,1
0.35,389151678,18,1,0
0.35,151079599,0,0,1
0.35,508464062,0,0,1
0.35,857592371,0,0,1
0.35,568919916,0,0,1
0.35,61136439,0,0,1
0.35,396917568,0,0,1
0.35,930989561,0,0,1
0.35,199502979,0,0,1
0.35,472190437,0,0,1
0.35,461901619,0,0,1
0.35,774414983,0,0,1
0.4,534895719,27,2,0
0.4,199900596,0,0,1
0.4,862061405,0,0,1
0.4,787846415,26,2,0
0.4,996406379,24,2,0
0.4,127521864,0,0,1
0.4,423734973,0,0,1
0.4,415968277,0,0,1
0.4,670094951,0,0,1
0.4,841095290,0,0,1
0.4,669991379,20,1,0
0.4,429389015,15,1,0
0.4,249467211,0,0,1
0.4,898717131,29,2,0
0.4,498972760,0,0,1
0.4,359525749,0,0,1
0.4,434285668,0,0,1
0.4,613608296,0,0,1
0.4,893664920,0,0,1
0.4,648061059,30,2,0
0.4,88409750,0,0,1
0.4,242285877,0,0,1
0.4,944505602,0,0,1
0.4,953477464,0,0,1
0.4,354088428,0,0,1
0.4,809827742,24,2,0
0.4,911989542,0,0,1
0.4,3344770,0,0,1
0.4,780932288,0,0,1
0.4,787716373,0,0,1
0.4,504579233,0,0,1
0.4,232968652,0,0,1
0.4,479546682,0,0,1
0.4,106328086,0,0,1
0.4,30349565,0,0,1
0.4,781447916,0,0,1
0.4,99052377,0,0,1
0.4,177077809,0,0,1
0.4,106406363,0,0,1
0.4,480404539,0,0,1
0.4,643647999,0,0,1
0.4,599121578,24,2,0
0.4,200427520,0,0,1
0.4,181009884,0,0,1
0.4,961022652,0,0,1
0.4,499770320,0,0,1
0.4,999745295,20,1,0
0.4,885063870,0,0,1
0.4,389151678,0,0,1
0.4,151079599,0,0,1
0.4,508464062,0,0,1
0.4,857592371,0,0,1
0.4,568919916,0,0,1
0.4,61136439,0,0,1
0.4,396917568,0,0,1
0.4,930989561,0,0,1
0.4,199502979,0,0,1
0.4,472190437,0,0,1
0.4,461901619,0,0,1
0.4,774414983,0,0,1
0.45,534895719,27,2,0
0.45,199900596,0,0,1
0.45,862061405,0,0,1
0.45,787846415,26,2,0
0.45,996406379,24,2,0
0.45,127521864,0,0,1
0.45,423734973,0,0,1
0.45,415968277,0,0,1
0.45,670094951,0,0,1
0.45,841095290,0,0,1
0.45,669991379,0,0,1
0.45,429389015,15,1,0
0.45,249467211,0,0,1
0.45,898717131,0,0,1
0.45,498972760,0,0,1
0.45,359525749,0,0,1
0.45,434285668,0,0,1
0.45,613608296,0,0,1
0.45,893664920,0,0,1
0.45,648061059,30,2,0
0.45,88409750,0,0,1
0.45,242285877,0,0,1
0.45,944505602,20,1,0
0.45,953477464,0,0,1
0.45,354088428,0,0,1
0.45,809827742,24,2,0
0.45,911989542,0,0,1
0.45,3344770,0,0,1
0.45,780932288,0,0,1
0.45,787716373,0,0,1
0.45,504579233,0,0,1
0.45,232968652,0,0,1
0.45,479546682,0,0,1
0.45,106328086,0,0,1
0.45,30349565,0,0,1
0.45,781447916,0,0,1
0.45,99052377,0,0,1
0.45,177077809,0,0,1
0.45,106406363,0,0,1
0.45,480404539,0,0,1
0.45,643647999,0,0,1
0.45,599121578,24,2,0
0.45,200427520,0,0,1
0.45,181009884,0,0,1
0.45,961022652,0,0,1
0.45,499770320,0,0,1
0.45,999745295,0,0,1
0.45,885063870,0,0,1
0.45,389151678,22,2,0
0.45,151079599,0,0,1
0.45,508464062,0,0,1
0.45,857592371,0,0,1
0.45,568919916,0,0,1
0.45,61136439,0,0,1
0.45,396917568,0,0,1
0.45,930989561,0,0,1
0.45,199502979,0,0,1
0.45,472190437,0,0,1
0.45,461901619,0,0,1
0.45,774414983,25,1,0
0.5,534895719,27,2,0
0.5,199900596,0,0,1
0.5,862061405,0,0,1
0.5,787846415,26,2,0
0.5,996406379,24,2,0
0.5,127521864,0,0,1
0.5,423734973,0,0,1
0.5,415968277,27,1,0
0.5,670094951,0,0,1
0.5,841095290,0,0,1
0.5,669991379,0,0,1
0.5,429389015,15,1,0
0.5,249467211,0,0,1
0.5,898717131,0,0,1
0.5,498972760,0,0,1
0.5,359525749,0,0,1
0.5,434285668,0,0,1
0.5,613608296,0,0,1
0.5,893664920,0,0,1
0.5,648061059,30,2,0
0.5,88409750,33,2,0
0.5,242285877,0,0,1
0.5,944505602,20,1,0
0.5,953477464,0,0,1
0.5,354088428,0,0,1
0.5,809827742,0,0,1
0.5,911989542,0,0,1
0.5,3344770,0,0,1
0.5,780932288,0,0,1
0.5,787716373,0,0,1
0.5,504579233,0,0,1
0.5,232968652,19,1,0
0.5,479546682,0,0,1
0.5,106328086,0,0,1
0.5,30349565,0,0,1
0.5,781447916,0,0,1
0.5,99052377,0,0,1
0.5,177077809,0,0,1
0.5,106406363,0,0,1
0.5,480404539,0,0,1
0.5,643647999,0,0,1
0.5,599121578,24,2,0
0.5,200427520,0,0,1
0.5,181009884,0,0,1
0.5,961022652,0,0,1
0.5,499770320,0,0,1
0.5,999745295,0,0,1
0.5,885063870,0,0,1
0.5,389151678,22,2,0
0.5,151079599,0,0,1
0.5,508464062,0,0,1
0.5,857592371,0,0,1
0.5,568919916,0,0,1
0.5,61136439,0,0,1
0.5,396917568,0,0,1
0.5,930989561,0,0,1
0.5,199502979,0,0,1
0.5,472190437,32,2,0
0.5,461901619,0,0,1
0.5,774414983,25,1,0
0.55,534895719,27,2,0
0.55,199900596,0,0,1
0.55,862061405,0,0,1
0.55,787846415,26,2,0
0.55,996406379,24,2,0
0.55,127521864,0,0,1
0.55,423734973,0,0,1
0.55,415968277,0,0,1
0.55,670094951,0,0,1
0.55,841095290,33,2,0
0.55,669991379,0,0,1
0.55,429389015,15,1,0
0.55,249467211,0,0,1
0.55,898717131,0,0,1
0.55,498972760,36,2,0
0.55,359525749,0,0,1
0.55,434285668,0,0,1
0.55,613608296,0,0,1
0.55,893664920,0,0,1
0.55,648061059,30,2,0
0.55,88409750,33,2,0
0.55,242285877,0,0,1
0.55,944505602,20,1,0
0.55,953477464,32,2,0
0.55,354088428,0,0,1
0.55,809827742,0,0,1
0.55,911989542,0,0,1
0.55,3344770,0,0,1
0.55,780932288,0,0,1
0.55,787716373,0,0,1
0.55,504579233,0,0,1
0.55,232968652,19,1,0
0.55,479546682,0,0,1
0.55,106328086,0,0,1
0.55,30349565,36,2,0
0.55,781447916,22,1,0
0.55,99052377,0,0,1
0.55,177077809,0,0,1
0.55,106406363,0,0,1
0.55,480404539,0,0,1
0.55,643647999,0,0,1
0.55,599121578,24,2,0
0.55,200427520,0,0,1
0.55,181009884,0,0,1
0.55,961022652,0,0,1
0.55,499770320,0,0,1
0.55,999745295,0,0,1
0.55,885063870,0,0,1
0.55,389151678,22,2,0
0.55,151079599,0,0,1
0.55,508464062,0,0,1
0.55,857592371,0,0,1
0.55,568919916,0,0,1
0.55,61136439,29,2,0
0.55,396917568,0,0,1
0.55,930989561,0,0,1
0.55,199502979,0,0,1
0.55,472190437,32,2,0
0.55,461901619,0,0,1
0.55,774414983,0,0,1
0.6,534895719,27,2,0
0.6,199900596,0,0,1
0.6,862061405,0,0,1
0.6,787846415,26,2,0
0.6,996406379,24,2,0
0.6,127521864,0,0,1
0.6,423734973,0,0,1
0.6,415968277,0,0,1
0.6,670094951,0,0,1
0.6,841095290,33,2,0
0.6,669991379,0,0,1
0.6,429389015,14,1,0
0.6,249467211,0,0,1
0.6,898717131,0,0,1
0.6,498972760,0,0,1
0.6,359525749,0,0,1
0.6,434285668,21,2,0
0.6,613608296,0,0,1
0.6,893664920,0,0,1
0.6,648061059,30,2,0
0.6,88409750,33,2,0
0.6,242285877,0,0,1
0.6,944505602,20,1,0
0.6,953477464,0,0,1
0.6,354088428,0,0,1
0.6,809827742,35,1,0
0.6,911989542,0,0,1
0.6,3344770,0,0,1
0.6,780932288,0,0,1
0.6,787716373,0,0,1
0.6,504579233,0,0,1
0.6,232968652,19,1,0
0.6,479546682,0,0,1
0.6,106328086,0,0,1
0.6,30349565,0,0,1
0.6,781447916,27,1,0
0.6,99052377,0,0,1
0.6,177077809,0,0,1
0.6,106406363,0,0,1
0.6,480404539,36,1,0
0.6,643647999,0,0,1
0.6,599121578,24,2,0
0.6,200427520,0,0,1
0.6,181009884,0,0,1
0.6,961022652,0,0,1
0.6,499770320,0,0,1
0.6,999745295,0,0,1
0.6,885063870,0,0,1
0.6,389151678,22,2,0
0.6,151079599,0,0,1
0.6,508464062,0,0,1
0.6,857592371,0,0,1
0.6,568919916,0,0,1
0.6,61136439,29,2,0
0.6,396917568,0,0,1
0.6,930989561,0,0,1
0.6,199502979,0,0,1
0.6,472190437,32,2,0
0.6,461901619,17,1,0
0.6,774414983,19,1,0
0.65,534895719,27,2,0
0.65,199900596,0,0,1
0.65,862061405,0,0,1
0.65,787846415,26,2,0
0.65,996406379,24,2,0
0.65,127521864,0,0,1
0.65,423734973,0,0,1
0.65,415968277,31,1,0
0.65,670094951,0,0,1
0.65,841095290,32,2,0
0.65,669991379,0,0,1
0.65,429389015,14,1,0
0.65,249467211,0,0,1
0.65,898717131,0,0,1
0.65,498972760,0,0,1
0.65,359525749,0,0,1
0.65,434285668,21,2,0
0.65,613608296,0,0,1
0.65,893664920,0,0,1
0.65,648061059,30,2,0
0.65,88409750,33,2,0
0.65,242285877,0,0,1
0.65,944505602,20,1,0
0.65,953477464,0,0,1
0.65,354088428,0,0,1
0.65,809827742,0,0,1
0.65,911989542,0,0,1
0.65,3344770,0,0,1
0.65,780932288,0,0,1
0.65,787716373,0,0,1
0.65,504579233,0,0,1
0.65,232968652,0,0,1
0.65,479546682,0,0,1
0.65,106328086,0,0,1
0.65,30349565,0,0,1
0.65,781447916,0,0,1
0.65,99052377,0,0,1
0.65,177077809,0,0,1
0.65,106406363,0,0,1
0.65,480404539,0,0,1
0.65,643647999,0,0,1
0.65,599121578,24,2,0
0.65,200427520,0,0,1
0.65,181009884,0,0,1
0.65,961022652,0,0,1
0.65,499770320,0,0,1
0.65,999745295,0,0,1
0.65,885063870,0,0,1
0.65,389151678,22,2,0
0.65,151079599,0,0,1
0.65,508464062,0,0,1
0.65,857592371,0,0,1
0.65,568919916,0,0,1
0.65,61136439,0,0,1
0.65,396917568,0,0,1
0.65,930989561,0,0,1
0.65,199502979,0,0,1
0.65,472190437,32,2,0
0.65,461901619,17,1,0
0.65,774414983,19,1,0
0.7,534895719,0,0,1
0.7,199900596,0,0,1
0.7,862061405,0,0,1
0.7,787846415,26,2,0
0.7,996406379,24,2,0
0.7,127521864,0,0,1
0.7,423734973,0,0,1
0.7,415968277,0,0,1
0.7,670094951,0,0,1
0.7,841095290,0,0,1
0.7,669991379,0,0,1
0.7,429389015,14,1,0
0.7,249467211,36,2,0
0.7,898717131,0,0,1
0.7,498972760,0,0,1
0.7,359525749,0,0,1
0.7,434285668,21,2,0
0.7,613608296,0,0,1
0.7,893664920,0,0,1
0.7,648061059,28,2,0
0.7,88409750,33,2,0
0.7,242285877,0,0,1
0.7,944505602,0,0,1
0.7,953477464,0,0,1
0.7,354088428,0,0,1
0.7,809827742,0,0,1
0.7,911989542,0,0,1
0.7,3344770,0,0,1
0.7,780932288,0,0,1
0.7,787716373,0,0,1
0.7,504579233,0,0,1
0.7,232968652,0,0,1
0.7,479546682,0,0,1
0.7,106328086,0,0,1
0.7,30349565,0,0,1
0.7,781447916,0,0,1
0.7,99052377,0,0,1
0.7,177077809,0,0,1
0.7,106406363,0,0,1
0.7,480404539,0,0,1
0.7,643647999,0,0,1
0.7,599121578,24,2,0
0.7,200427520,0,0,1
0.7,181009884,0,0,1
0.7,961022652,0,0,1
0.7,499770320,0,0,1
0.7,999745295,0,0,1
0.7,885063870,34,2,0
0.7,389151678,22,2,0
0.7,151079599,0,0,1
0.7,508464062,0,0,1
0.7,857592371,0,0,1
0.7,568919916,0,0,1
0.7,61136439,28,2,0
0.7,396917568,0,0,1
0.7,930989561,0,0,1
0.7,199502979,0,0,1
0.7,472190437,34,2,0
0.7,461901619,17,1,0
0.7,774414983,19,1,0
0.75,534895719,0,0,1
0.75,199900596,0,0,1
0.75,862061405,0,0,1
0.75,787846415,26,2,0
0.75,996406379,24,2,0
0.75,127521864,0,0,1
0.75,423734973,0,0,1
0.75,415968277,0,0,1
0.75,670094951,0,0,1
0.75,841095290,0,0,1
0.75,669991379,32,2,0
0.75,429389015,13,1,0
0.75,249467211,36,2,0
0.75,898717131,0,0,1
0.75,498972760,0,0,1
0.75,359525749,0,0,1
0.75,434285668,21,2,0
0.75,613608296,0,0,1
0.75,893664920,0,0,1
0.75,648061059,28,2,0
0.75,88409750,0,0,1
0.75,242285877,0,0,1
0.75,944505602,19,1,0
0.75,953477464,0,0,1
0.75,354088428,0,0,1
0.75,809827742,0,0,1
0.75,911989542,0,0,1
0.75,3344770,0,0,1
0.75,780932288,0,0,1
0.75,787716373,0,0,1
0.75,504579233,0,0,1
0.75,232968652,23,2,0
0.75,479546682,31,2,0
0.75,106328086,0,0,1
0.75,30349565,0,0,1
0.75,781447916,31,1,0
0.75,99052377,0,0,1
0.75,177077809,0,0,1
0.75,106406363,0,0,1
0.75,480404539,0,0,1
0.75,643647999,0,0,1
0.75,599121578,24,2,0
0.75,200427520,0,0,1
0.75,181009884,0,0,1
0.75,961022652,0,0,1
0.75,499770320,34,2,0
0.75,999745295,0,0,1
0.75,885063870,34,2,0
0.75,389151678,22,2,0
0.75,151079599,0,0,1
0.75,508464062,0,0,1
0.75,857592371,0,0,1
0.75,568919916,36,2,0
0.75,61136439,28,2,0
0.75,396917568,23,2,0
0.75,930989561,0,0,1
0.75,199502979,0,0,1
0.75,472190437,34,2,0
0.75,461901619,17,1,0
0.75,774414983,19,1,0
0.8,534895719,0,0,1
0.8,199900596,0,0,1
0.8,862061405,0,0,1
0.8,787846415,26,2,0
0.8,996406379,24,2,0
0.8,127521864,0,0,1
0.8,423734973,22,1,0
0.8,415968277,0,0,1
0.8,670094951,0,0,1
0.8,841095290,0,0,1
0.8,669991379,32,2,0
0.8,429389015,13,1,0
0.8,249467211,36,2,0
0.8,898717131,0,0,1
0.8,498972760,0,0,1
0.8,359525749,0,0,1
0.8,434285668,21,2,0
0.8,613608296,0,0,1
0.8,893664920,0,0,1
0.8,648061059,28,2,0
0.8,88409750,0,0,1
0.8,242285877,0,0,1
0.8,944505602,19,1,0
0.8,953477464,0,0,1
0.8,354088428,25,1,0
0.8,809827742,0,0,1
0.8,911989542,0,0,1
0.8,3344770,0,0,1
0.8,780932288,0,0,1
0.8,787716373,0,0,1
0.8,504579233,0,0,1
0.8,232968652,0,0,1
0.8,479546682,29,2,0
0.8,106328086,23,1,0
0.8,30349565,0,0,1
0.8,781447916,20,1,0
0.8,99052377,36,2,0
0.8,177077809,25,1,0
0.8,106406363,0,0,1
0.8,480404539,0,0,1
0.8,643647999,0,0,1
0.8,599121578,23,2,0
0.8,200427520,0,0,1
0.8,181009884,0,0,1
0.8,961022652,0,0,1
0.8,499770320,34,2,0
0.8,999745295,18,1,0
0.8,885063870,34,2,0
0.8,389151678,22,2,0
0.8,151079599,0,0,1
0.8,508464062,0,0,1
0.8,857592371,0,0,1
0.8,568919916,32,1,0
0.8,61136439,0,0,1
0.8,396917568,23,2,0
0.8,930989561,0,0,1
0.8,199502979,0,0,1
0.8,472190437,34,2,0
0.8,461901619,0,0,1
0.8,774414983,19,1,0
0.85,534895719,0,0,1
0.85,199900596,0,0,1
0.85,862061405,0,0,1
0.85,787846415,26,2,0
0.85,996406379,24,2,0
0.85,127521864,0,0,1
0.85,423734973,22,1,0
0.85,415968277,33,1,0
0.85,670094951,0,0,1
0.85,841095290,0,0,1
0.85,669991379,32,2,0
0.85,429389015,13,1,0
0.85,249467211,27,2,0
0.85,898717131,0,0,1
0.85,498972760,0,0,1
0.85,359525749,34,2,0
0.85,434285668,21,2,0
0.85,613608296,0,0,1
0.85,893664920,0,0,1
0.85,648061059,34,2,0
0.85,88409750,0,0,1
0.85,242285877,0,0,1
0.85,944505602,20,1,0
0.85,953477464,0,0,1
0.85,354088428,0,0,1
0.85,809827742,0,0,1
0.85,911989542,0,0,1
0.85,3344770,0,0,1
0.85,780932288,0,0,1
0.85,787716373,0,0,1
0.85,504579233,24,2,0
0.85,232968652,0,0,1
0.85,479546682,29,2,0
0.85,106328086,22,1,0
0.85,30349565,0,0,1
0.85,781447916,0,0,1
0.85,99052377,18,1,0
0.85,177077809,25,1,0
0.85,106406363,0,0,1
0.85,480404539,0,0,1
0.85,643647999,0,0,1
0.85,599121578,23,2,0
0.85,200427520,36,2,0
0.85,181009884,0,0,1
0.85,961022652,30,2,0
0.85,499770320,34,2,0
0.85,999745295,18,1,0
0.85,885063870,34,2,0
0.85,389151678,22,2,0
0.85,151079599,0,0,1
0.85,508464062,0,0,1
0.85,857592371,0,0,1
0.85,568919916,29,1,0
0.85,61136439,0,0,1
0.85,396917568,23,2,0
0.85,930989561,0,0,1
0.85,199502979,0,0,1
0.85,472190437,34,2,0
0.85,461901619,16,1,0
0.85,774414983,19,1,0
0.9,534895719,0,0,1
0.9,199900596,0,0,1
0.9,862061405,0,0,1
0.9,787846415,26,2,0
0.9,996406379,24,2,0
0.9,127521864,0,0,1
0.9,423734973,21,1,0
0.9,415968277,0,0,1
0.9,670094951,30,2,0
0.9,841095290,0,0,1
0.9,669991379,32,2,0
0.9,429389015,12,1,0
0.9,249467211,27,2,0
0.9,898717131,0,0,1
0.9,498972760,29,1,0
0.9,359525749,33,2,0
0.9,434285668,21,2,0
0.9,613608296,0,0,1
0.9,893664920,0,0,1
0.9,648061059,20,1,0
0.9,88409750,0,0,1
0.9,242285877,0,0,1
0.9,944505602,0,0,1
0.9,953477464,33,2,0
0.9,354088428,0,0,1
0.9,809827742,0,0,1
0.9,911989542,0,0,1
0.9,3344770,0,0,1
0.9,780932288,0,0,1
0.9,787716373,28,2,0
0.9,504579233,22,2,0
0.9,232968652,35,2,0
0.9,479546682,31,2,0
0.9,106328086,22,1,0
0.9,30349565,0,0,1
0.9,781447916,0,0,1
0.9,99052377,18,1,0
0.9,177077809,25,1,0
0.9,106406363,0,0,1
0.9,480404539,0,0,1
0.9,643647999,0,0,1
0.9,599121578,22,2,0
0.9,200427520,36,2,0
0.9,181009884,0,0,1
0.9,961022652,30,2,0
0.9,499770320,34,2,0
0.9,999745295,18,1,0
0.9,885063870,34,2,0
0.9,389151678,22,2,0
0.9,151079599,0,0,1
0.9,508464062,0,0,1
0.9,857592371,0,0,1
0.9,568919916,29,1,0
0.9,61136439,0,0,1
0.9,396917568,21,2,0
0.9,930989561,0,0,1
0.9,199502979,0,0,1
0.9,472190437,33,2,0
0.9,461901619,16,1,0
0.9,774414983,19,1,0
0.95,534895719,0,0,1
0.95,199900596,36,2,0
0.95,862061405,0,0,1
0.95,787846415,26,2,0
0.95,996406379,24,2,0
0.95,127521864,0,0,1
0.95,423734973,0,0,1
0.95,415968277,0,0,1
0.95,670094951,30,2,0
0.95,841095290,0,0,1
0.95,669991379,32,2,0
0.95,429389015,12,1,0
0.95,249467211,27,2,0
0.95,898717131,0,0,1
0.95,498972760,0,0,1
0.95,359525749,32,2,0
0.95,434285668,21,2,0
0.95,613608296,24,1,0
0.95,893664920,0,0,1
0.95,648061059,32,2,0
0.95,88409750,0,0,1
0.95,242285877,36,2,0
0.95,944505602,32,1,0
0.95,953477464,33,2,0
0.95,354088428,23,1,0
0.95,809827742,33,1,0
0.95,911989542,30,2,0
0.95,3344770,0,0,1
0.95,780932288,0,0,1
0.95,787716373,28,2,0
0.95,504579233,22,2,0
0.95,232968652,35,2,0
0.95,479546682,29,2,0
0.95,106328086,19,1,0
0.95,30349565,0,0,1
0.95,781447916,0,0,1
0.95,99052377,18,1,0
0.95,177077809,25,1,0
0.95,106406363,0,0,1
0.95,480404539,0,0,1
0.95,643647999,0,0,1
0.95,599121578,22,2,0
0.95,200427520,36,2,0
0.95,181009884,0,0,1
0.95,961022652,30,2,0
0.95,499770320,22,2,0
0.95,999745295,18,1,0
0.95,885063870,31,2,0
0.95,389151678,22,2,0
0.95,151079599,36,2,0
0.95,508464062,34,2,0
0.95,857592371,27,1,0
0.95,568919916,0,0,1
0.95,61136439,0,0,1
0.95,396917568,21,2,0
0.95,930989561,0,0,1
0.95,199502979,34,1,0
0.95,472190437,33,2,0
0.95,461901619,16,1,0
0.95,774414983,36,2,0
1.0,534895719,0,0,1
1.0,199900596,36,2,0
1.0,862061405,0,0,1
1.0,787846415,26,2,0
1.0,996406379,24,2,0
1.0,127521864,0,0,1
1.0,423734973,0,0,1
1.0,415968277,0,0,1
1.0,670094951,30,2,0
1.0,841095290,32,2,0
1.0,669991379,32,2,0
1.0,429389015,12,1,0
1.0,249467211,26,2,0
1.0,898717131,0,0,1
1.0,498972760,0,0,1
1.0,359525749,32,2,0
1.0,434285668,21,2,0
1.0,613608296,33,2,0
1.0,893664920,0,0,1
1.0,648061059,31,2,0
1.0,88409750,0,0,1
1.0,242285877,36,2,0
1.0,944505602,31,1,0
1.0,953477464,33,2,0
1.0,354088428,33,2,0
1.0,809827742,0,0,1
1.0,911989542,30,2,0
1.0,3344770,0,0,1
1.0,780932288,0,0,1
1.0,787716373,28,2,0
1.0,504579233,21,2,0
1.0,232968652,34,2,0
1.0,479546682,30,2,0
1.0,106328086,19,1,0
1.0,30349565,0,0,1
1.0,781447916,0,0,1
1.0,99052377,0,0,1
1.0,177077809,0,0,1
1.0,106406363,0,0,1
1.0,480404539,0,0,1
1.0,643647999,0,0,1
1.0,599121578,22,2,0
1.0,200427520,0,0,1
1.0,181009884,0,0,1
1.0,961022652,30,2,0
1.0,499770320,22,2,0
1.0,999745295,18,1,0
1.0,885063870,31,2,0
1.0,389151678,22,2,0
1.0,151079599,36,2,0
1.0,508464062,29,1,0
1.0,857592371,0,0,1
1.0,568919916,36,2,0
1.0,61136439,33,2,0
1.0,396917568,21,2,0
1.0,930989561,0,0,1
1.0,199502979,0,0,1
1.0,472190437,32,2,0
1.0,461901619,16,1,0
1.0,774414983,36,2,0
